id,level,arm,precision,recall,empty
L1-01,1,ceiling,1.0,1.0,False
L1-02,1,ceiling,1.0,1.0,False
L1-03,1,ceiling,0.8,0.8,False
L1-04,1,ceiling,1.0,1.0,False
L1-05,1,ceiling,0.8,0.8,False
L1-06,1,ceiling,0.6,0.6,False
L1-07,1,ceiling,1.0,1.0,False
L1-08,1,ceiling,1.0,1.0,False
L1-09,1,ceiling,1.0,1.0,False
L1-10,1,ceiling,1.0,1.0,False
L1-11,1,ceiling,1.0,1.0,False
L1-12,1,ceiling,1.0,1.0,False
L1-13,1,ceiling,1.0,1.0,False
L1-14,1,ceiling,0.8,0.8,False
L1-15,1,ceiling,1.0,1.0,False
L1-16,1,ceiling,1.0,1.0,False
L1-17,1,ceiling,1.0,1.0,False
L1-18,1,ceiling,0.8,0.8,False
L1-19,1,ceiling,0.8,0.8,False
L1-20,1,ceiling,0.0,0.0,False
L2-01,2,ceiling,0.8,0.8,False
L2-02,2,ceiling,1.0,1.0,False
L2-03,2,ceiling,1.0,1.0,False
L2-04,2,ceiling,1.0,1.0,False
L2-05,2,ceiling,1.0,1.0,False
L2-06,2,ceiling,0.2,1.0,False
L2-07,2,ceiling,0.8,0.8,False
L2-08,2,ceiling,1.0,1.0,False
L2-09,2,ceiling,1.0,1.0,False
L2-10,2,ceiling,0.4,1.0,False
L2-11,2,ceiling,1.0,1.0,False
L2-12,2,ceiling,1.0,1.0,False
L2-13,2,ceiling,0.8,0.8,False
L2-14,2,ceiling,0.6,0.6,False
L2-15,2,ceiling,0.2,0.2,False
L2-16,2,ceiling,0.2,0.3333333333333333,False
L2-17,2,ceiling,1.0,1.0,False
L2-18,2,ceiling,0.8,0.8,False
L2-19,2,ceiling,0.8,0.8,False
L2-20,2,ceiling,0.0,0.0,False
L2-21,2,ceiling,1.0,1.0,False
L2-22,2,ceiling,0.4,1.0,False
L2-23,2,ceiling,1.0,1.0,False
L2-24,2,ceiling,1.0,1.0,False
L2-25,2,ceiling,0.8,0.8,False
L2-26,2,ceiling,1.0,1.0,False
L2-27,2,ceiling,1.0,1.0,False
L2-28,2,ceiling,0.0,0.0,False
L2-29,2,ceiling,0.0,0.0,True
L2-30,2,ceiling,0.2,1.0,False
L3-01,3,ceiling,1.0,1.0,False
L3-02,3,ceiling,1.0,0.2,False
L3-03,3,ceiling,1.0,1.0,False
L3-04,3,ceiling,0.0,0.0,False
L3-05,3,ceiling,1.0,1.0,False
L3-06,3,ceiling,0.8,0.8,False
L3-07,3,ceiling,1.0,0.6666666666666666,False
L3-08,3,ceiling,1.0,1.0,False
L3-09,3,ceiling,0.2,0.2,False
L3-10,3,ceiling,1.0,1.0,False
L3-11,3,ceiling,0.0,0.0,False
L3-12,3,ceiling,0.2,0.2,False
L3-13,3,ceiling,1.0,1.0,False
L3-14,3,ceiling,0.0,0.0,False
L3-15,3,ceiling,1.0,1.0,False
L3-16,3,ceiling,1.0,1.0,False
L3-17,3,ceiling,0.2,0.2,False
L3-18,3,ceiling,1.0,1.0,False
L3-19,3,ceiling,1.0,1.0,False
L3-20,3,ceiling,0.6,0.6,False
L3-21,3,ceiling,0.0,0.0,False
L3-22,3,ceiling,0.2,0.2,False
L3-23,3,ceiling,1.0,1.0,False
L3-24,3,ceiling,0.8,0.8,False
L3-25,3,ceiling,1.0,1.0,False
L3-26,3,ceiling,0.8,0.8,False
L3-27,3,ceiling,0.0,0.0,False
L3-28,3,ceiling,0.8,0.8,False
L3-29,3,ceiling,1.0,1.0,False
L3-30,3,ceiling,1.0,1.0,False
L4-01,4,ceiling,0.0,0.0,True
L4-02,4,ceiling,0.0,0.0,True
L4-03,4,ceiling,0.8,0.8,False
L4-04,4,ceiling,1.0,1.0,False
L4-05,4,ceiling,0.0,0.0,True
L4-06,4,ceiling,0.0,0.0,True
L4-07,4,ceiling,0.8,0.8,False
L4-08,4,ceiling,1.0,1.0,False
L4-09,4,ceiling,0.0,0.0,True
L4-10,4,ceiling,0.0,0.0,True
L4-11,4,ceiling,0.0,0.0,True
L4-12,4,ceiling,0.0,0.0,True
L4-13,4,ceiling,0.0,0.0,True
L4-14,4,ceiling,0.0,0.0,True
L4-15,4,ceiling,0.0,0.0,True
L4-16,4,ceiling,0.0,0.0,True
L4-17,4,ceiling,0.0,0.0,True
L4-18,4,ceiling,0.0,0.0,True
L4-19,4,ceiling,0.0,0.0,True
L4-20,4,ceiling,0.0,0.0,True
L1-01,1,R_random_gamma,0.2,0.2,False
L1-02,1,R_random_gamma,0.0,0.0,False
L1-03,1,R_random_gamma,0.0,0.0,False
L1-04,1,R_random_gamma,0.0,0.0,False
L1-05,1,R_random_gamma,0.0,0.0,False
L1-06,1,R_random_gamma,0.6,0.6,False
L1-07,1,R_random_gamma,0.0,0.0,False
L1-08,1,R_random_gamma,0.0,0.0,False
L1-09,1,R_random_gamma,0.0,0.0,False
L1-10,1,R_random_gamma,0.0,0.0,False
L1-11,1,R_random_gamma,0.0,0.0,False
L1-12,1,R_random_gamma,0.0,0.0,False
L1-13,1,R_random_gamma,0.0,0.0,False
L1-14,1,R_random_gamma,0.2,0.2,False
L1-15,1,R_random_gamma,0.2,0.2,False
L1-16,1,R_random_gamma,0.0,0.0,False
L1-17,1,R_random_gamma,0.0,0.0,False
L1-18,1,R_random_gamma,0.0,0.0,False
L1-19,1,R_random_gamma,0.8,0.8,False
L1-20,1,R_random_gamma,0.0,0.0,False
L2-01,2,R_random_gamma,0.6,0.6,False
L2-02,2,R_random_gamma,1.0,1.0,False
L2-03,2,R_random_gamma,0.2,0.2,False
L2-04,2,R_random_gamma,1.0,1.0,False
L2-05,2,R_random_gamma,0.4,0.4,False
L2-06,2,R_random_gamma,0.2,1.0,False
L2-07,2,R_random_gamma,0.6,0.6,False
L2-08,2,R_random_gamma,1.0,1.0,False
L2-09,2,R_random_gamma,1.0,1.0,False
L2-10,2,R_random_gamma,0.2,0.5,False
L2-11,2,R_random_gamma,0.0,0.0,False
L2-12,2,R_random_gamma,1.0,1.0,False
L2-13,2,R_random_gamma,0.6,0.6,False
L2-14,2,R_random_gamma,0.4,0.4,False
L2-15,2,R_random_gamma,0.0,0.0,False
L2-16,2,R_random_gamma,0.2,0.3333333333333333,False
L2-17,2,R_random_gamma,0.2,0.2,False
L2-18,2,R_random_gamma,0.8,0.8,False
L2-19,2,R_random_gamma,0.6,0.6,False
L2-20,2,R_random_gamma,0.0,0.0,False
L2-21,2,R_random_gamma,0.4,0.4,False
L2-22,2,R_random_gamma,0.2,0.5,False
L2-23,2,R_random_gamma,1.0,1.0,False
L2-24,2,R_random_gamma,0.8,0.8,False
L2-25,2,R_random_gamma,0.8,0.8,False
L2-26,2,R_random_gamma,1.0,1.0,False
L2-27,2,R_random_gamma,0.2,0.2,False
L2-28,2,R_random_gamma,0.0,0.0,False
L2-29,2,R_random_gamma,0.0,0.0,True
L2-30,2,R_random_gamma,0.2,1.0,False
L3-01,3,R_random_gamma,1.0,1.0,False
L3-02,3,R_random_gamma,1.0,0.2,False
L3-03,3,R_random_gamma,1.0,1.0,False
L3-04,3,R_random_gamma,0.0,0.0,False
L3-05,3,R_random_gamma,0.0,0.0,False
L3-06,3,R_random_gamma,0.0,0.0,False
L3-07,3,R_random_gamma,1.0,0.6666666666666666,False
L3-08,3,R_random_gamma,1.0,1.0,False
L3-09,3,R_random_gamma,0.0,0.0,False
L3-10,3,R_random_gamma,1.0,1.0,False
L3-11,3,R_random_gamma,0.0,0.0,False
L3-12,3,R_random_gamma,0.2,0.2,False
L3-13,3,R_random_gamma,0.0,0.0,False
L3-14,3,R_random_gamma,0.0,0.0,False
L3-15,3,R_random_gamma,1.0,1.0,False
L3-16,3,R_random_gamma,1.0,1.0,False
L3-17,3,R_random_gamma,0.0,0.0,False
L3-18,3,R_random_gamma,1.0,1.0,False
L3-19,3,R_random_gamma,1.0,1.0,False
L3-20,3,R_random_gamma,0.2,0.2,False
L3-21,3,R_random_gamma,0.0,0.0,False
L3-22,3,R_random_gamma,0.0,0.0,False
L3-23,3,R_random_gamma,0.0,0.0,False
L3-24,3,R_random_gamma,0.0,0.0,False
L3-25,3,R_random_gamma,0.2,0.2,False
L3-26,3,R_random_gamma,0.8,0.8,False
L3-27,3,R_random_gamma,0.0,0.0,False
L3-28,3,R_random_gamma,0.0,0.0,False
L3-29,3,R_random_gamma,0.2,0.2,False
L3-30,3,R_random_gamma,0.0,0.0,False
L4-01,4,R_random_gamma,0.0,0.0,True
L4-02,4,R_random_gamma,0.0,0.0,True
L4-03,4,R_random_gamma,0.6,0.6,False
L4-04,4,R_random_gamma,0.4,0.4,False
L4-05,4,R_random_gamma,0.0,0.0,True
L4-06,4,R_random_gamma,0.0,0.0,True
L4-07,4,R_random_gamma,0.0,0.0,False
L4-08,4,R_random_gamma,0.0,0.0,False
L4-09,4,R_random_gamma,0.0,0.0,True
L4-10,4,R_random_gamma,0.0,0.0,True
L4-11,4,R_random_gamma,0.0,0.0,True
L4-12,4,R_random_gamma,0.0,0.0,True
L4-13,4,R_random_gamma,0.0,0.0,True
L4-14,4,R_random_gamma,0.0,0.0,True
L4-15,4,R_random_gamma,0.0,0.0,True
L4-16,4,R_random_gamma,0.0,0.0,True
L4-17,4,R_random_gamma,0.0,0.0,True
L4-18,4,R_random_gamma,0.0,0.0,True
L4-19,4,R_random_gamma,0.0,0.0,True
L4-20,4,R_random_gamma,0.0,0.0,True
L1-01,1,arm0_price_only,0.8,0.8,False
L1-02,1,arm0_price_only,0.0,0.0,False
L1-03,1,arm0_price_only,0.8,0.8,False
L1-04,1,arm0_price_only,0.6,0.6,False
L1-05,1,arm0_price_only,0.8,0.8,False
L1-06,1,arm0_price_only,0.6,0.6,False
L1-07,1,arm0_price_only,0.0,0.0,False
L1-08,1,arm0_price_only,0.0,0.0,False
L1-09,1,arm0_price_only,0.2,0.2,False
L1-10,1,arm0_price_only,0.8,0.8,False
L1-11,1,arm0_price_only,0.6,0.6,False
L1-12,1,arm0_price_only,0.0,0.0,False
L1-13,1,arm0_price_only,0.0,0.0,False
L1-14,1,arm0_price_only,0.8,0.8,False
L1-15,1,arm0_price_only,0.8,0.8,False
L1-16,1,arm0_price_only,0.0,0.0,False
L1-17,1,arm0_price_only,0.8,0.8,False
L1-18,1,arm0_price_only,0.8,0.8,False
L1-19,1,arm0_price_only,0.2,0.2,False
L1-20,1,arm0_price_only,0.0,0.0,False
L2-01,2,arm0_price_only,0.8,0.8,False
L2-02,2,arm0_price_only,1.0,1.0,False
L2-03,2,arm0_price_only,1.0,1.0,False
L2-04,2,arm0_price_only,1.0,1.0,False
L2-05,2,arm0_price_only,0.2,0.2,False
L2-06,2,arm0_price_only,0.2,1.0,False
L2-07,2,arm0_price_only,0.8,0.8,False
L2-08,2,arm0_price_only,0.8,0.8,False
L2-09,2,arm0_price_only,1.0,1.0,False
L2-10,2,arm0_price_only,0.4,1.0,False
L2-11,2,arm0_price_only,0.0,0.0,False
L2-12,2,arm0_price_only,1.0,1.0,False
L2-13,2,arm0_price_only,0.8,0.8,False
L2-14,2,arm0_price_only,0.6,0.6,False
L2-15,2,arm0_price_only,0.2,0.2,False
L2-16,2,arm0_price_only,0.2,0.3333333333333333,False
L2-17,2,arm0_price_only,1.0,1.0,False
L2-18,2,arm0_price_only,0.8,0.8,False
L2-19,2,arm0_price_only,0.8,0.8,False
L2-20,2,arm0_price_only,0.0,0.0,False
L2-21,2,arm0_price_only,1.0,1.0,False
L2-22,2,arm0_price_only,0.4,1.0,False
L2-23,2,arm0_price_only,0.8,0.8,False
L2-24,2,arm0_price_only,0.8,0.8,False
L2-25,2,arm0_price_only,0.8,0.8,False
L2-26,2,arm0_price_only,1.0,1.0,False
L2-27,2,arm0_price_only,0.6,0.6,False
L2-28,2,arm0_price_only,0.0,0.0,False
L2-29,2,arm0_price_only,0.0,0.0,True
L2-30,2,arm0_price_only,0.2,1.0,False
L3-01,3,arm0_price_only,1.0,1.0,False
L3-02,3,arm0_price_only,1.0,0.2,False
L3-03,3,arm0_price_only,1.0,1.0,False
L3-04,3,arm0_price_only,0.0,0.0,False
L3-05,3,arm0_price_only,0.0,0.0,False
L3-06,3,arm0_price_only,0.8,0.8,False
L3-07,3,arm0_price_only,1.0,0.6666666666666666,False
L3-08,3,arm0_price_only,1.0,1.0,False
L3-09,3,arm0_price_only,0.2,0.2,False
L3-10,3,arm0_price_only,0.8,0.8,False
L3-11,3,arm0_price_only,0.0,0.0,False
L3-12,3,arm0_price_only,0.2,0.2,False
L3-13,3,arm0_price_only,0.0,0.0,False
L3-14,3,arm0_price_only,0.0,0.0,False
L3-15,3,arm0_price_only,1.0,1.0,False
L3-16,3,arm0_price_only,0.8,0.8,False
L3-17,3,arm0_price_only,0.2,0.2,False
L3-18,3,arm0_price_only,1.0,1.0,False
L3-19,3,arm0_price_only,1.0,1.0,False
L3-20,3,arm0_price_only,0.6,0.6,False
L3-21,3,arm0_price_only,0.0,0.0,False
L3-22,3,arm0_price_only,0.2,0.2,False
L3-23,3,arm0_price_only,0.0,0.0,False
L3-24,3,arm0_price_only,0.8,0.8,False
L3-25,3,arm0_price_only,0.6,0.6,False
L3-26,3,arm0_price_only,0.8,0.8,False
L3-27,3,arm0_price_only,0.0,0.0,False
L3-28,3,arm0_price_only,0.8,0.8,False
L3-29,3,arm0_price_only,0.8,0.8,False
L3-30,3,arm0_price_only,0.0,0.0,False
L4-01,4,arm0_price_only,0.0,0.0,True
L4-02,4,arm0_price_only,0.0,0.0,True
L4-03,4,arm0_price_only,0.8,0.8,False
L4-04,4,arm0_price_only,0.6,0.6,False
L4-05,4,arm0_price_only,0.0,0.0,True
L4-06,4,arm0_price_only,0.0,0.0,True
L4-07,4,arm0_price_only,0.0,0.0,False
L4-08,4,arm0_price_only,0.0,0.0,False
L4-09,4,arm0_price_only,0.0,0.0,True
L4-10,4,arm0_price_only,0.0,0.0,True
L4-11,4,arm0_price_only,0.0,0.0,True
L4-12,4,arm0_price_only,0.0,0.0,True
L4-13,4,arm0_price_only,0.0,0.0,True
L4-14,4,arm0_price_only,0.0,0.0,True
L4-15,4,arm0_price_only,0.0,0.0,True
L4-16,4,arm0_price_only,0.0,0.0,True
L4-17,4,arm0_price_only,0.0,0.0,True
L4-18,4,arm0_price_only,0.0,0.0,True
L4-19,4,arm0_price_only,0.0,0.0,True
L4-20,4,arm0_price_only,0.0,0.0,True
L1-01,1,A_shap7,0.4,0.4,False
L1-02,1,A_shap7,0.0,0.0,False
L1-03,1,A_shap7,0.4,0.4,False
L1-04,1,A_shap7,0.4,0.4,False
L1-05,1,A_shap7,0.0,0.0,False
L1-06,1,A_shap7,0.6,0.6,False
L1-07,1,A_shap7,0.0,0.0,False
L1-08,1,A_shap7,0.0,0.0,False
L1-09,1,A_shap7,0.6,0.6,False
L1-10,1,A_shap7,0.2,0.2,False
L1-11,1,A_shap7,0.4,0.4,False
L1-12,1,A_shap7,0.2,0.2,False
L1-13,1,A_shap7,0.0,0.0,False
L1-14,1,A_shap7,0.8,0.8,False
L1-15,1,A_shap7,0.4,0.4,False
L1-16,1,A_shap7,0.2,0.2,False
L1-17,1,A_shap7,0.8,0.8,False
L1-18,1,A_shap7,0.6,0.6,False
L1-19,1,A_shap7,0.6,0.6,False
L1-20,1,A_shap7,0.0,0.0,False
L2-01,2,A_shap7,0.8,0.8,False
L2-02,2,A_shap7,1.0,1.0,False
L2-03,2,A_shap7,0.6,0.6,False
L2-04,2,A_shap7,1.0,1.0,False
L2-05,2,A_shap7,0.8,0.8,False
L2-06,2,A_shap7,0.2,1.0,False
L2-07,2,A_shap7,0.8,0.8,False
L2-08,2,A_shap7,1.0,1.0,False
L2-09,2,A_shap7,1.0,1.0,False
L2-10,2,A_shap7,0.2,0.5,False
L2-11,2,A_shap7,0.0,0.0,False
L2-12,2,A_shap7,1.0,1.0,False
L2-13,2,A_shap7,0.8,0.8,False
L2-14,2,A_shap7,0.4,0.4,False
L2-15,2,A_shap7,0.0,0.0,False
L2-16,2,A_shap7,0.2,0.3333333333333333,False
L2-17,2,A_shap7,0.4,0.4,False
L2-18,2,A_shap7,0.8,0.8,False
L2-19,2,A_shap7,0.8,0.8,False
L2-20,2,A_shap7,0.0,0.0,False
L2-21,2,A_shap7,0.6,0.6,False
L2-22,2,A_shap7,0.2,0.5,False
L2-23,2,A_shap7,1.0,1.0,False
L2-24,2,A_shap7,0.8,0.8,False
L2-25,2,A_shap7,0.8,0.8,False
L2-26,2,A_shap7,1.0,1.0,False
L2-27,2,A_shap7,0.6,0.6,False
L2-28,2,A_shap7,0.0,0.0,False
L2-29,2,A_shap7,0.0,0.0,True
L2-30,2,A_shap7,0.2,1.0,False
L3-01,3,A_shap7,1.0,1.0,False
L3-02,3,A_shap7,1.0,0.2,False
L3-03,3,A_shap7,1.0,1.0,False
L3-04,3,A_shap7,0.0,0.0,False
L3-05,3,A_shap7,0.0,0.0,False
L3-06,3,A_shap7,0.6,0.6,False
L3-07,3,A_shap7,1.0,0.6666666666666666,False
L3-08,3,A_shap7,1.0,1.0,False
L3-09,3,A_shap7,0.2,0.2,False
L3-10,3,A_shap7,1.0,1.0,False
L3-11,3,A_shap7,0.0,0.0,False
L3-12,3,A_shap7,0.2,0.2,False
L3-13,3,A_shap7,0.0,0.0,False
L3-14,3,A_shap7,0.0,0.0,False
L3-15,3,A_shap7,1.0,1.0,False
L3-16,3,A_shap7,1.0,1.0,False
L3-17,3,A_shap7,0.0,0.0,False
L3-18,3,A_shap7,1.0,1.0,False
L3-19,3,A_shap7,1.0,1.0,False
L3-20,3,A_shap7,0.2,0.2,False
L3-21,3,A_shap7,0.0,0.0,False
L3-22,3,A_shap7,0.2,0.2,False
L3-23,3,A_shap7,0.0,0.0,False
L3-24,3,A_shap7,0.2,0.2,False
L3-25,3,A_shap7,0.6,0.6,False
L3-26,3,A_shap7,0.8,0.8,False
L3-27,3,A_shap7,0.0,0.0,False
L3-28,3,A_shap7,0.6,0.6,False
L3-29,3,A_shap7,0.4,0.4,False
L3-30,3,A_shap7,0.2,0.2,False
L4-01,4,A_shap7,0.0,0.0,True
L4-02,4,A_shap7,0.0,0.0,True
L4-03,4,A_shap7,0.8,0.8,False
L4-04,4,A_shap7,0.6,0.6,False
L4-05,4,A_shap7,0.0,0.0,True
L4-06,4,A_shap7,0.0,0.0,True
L4-07,4,A_shap7,0.0,0.0,False
L4-08,4,A_shap7,0.0,0.0,False
L4-09,4,A_shap7,0.0,0.0,True
L4-10,4,A_shap7,0.0,0.0,True
L4-11,4,A_shap7,0.0,0.0,True
L4-12,4,A_shap7,0.0,0.0,True
L4-13,4,A_shap7,0.0,0.0,True
L4-14,4,A_shap7,0.0,0.0,True
L4-15,4,A_shap7,0.0,0.0,True
L4-16,4,A_shap7,0.0,0.0,True
L4-17,4,A_shap7,0.0,0.0,True
L4-18,4,A_shap7,0.0,0.0,True
L4-19,4,A_shap7,0.0,0.0,True
L4-20,4,A_shap7,0.0,0.0,True
L1-01,1,B_ridge7_raw,0.2,0.2,False
L1-02,1,B_ridge7_raw,0.0,0.0,False
L1-03,1,B_ridge7_raw,0.0,0.0,False
L1-04,1,B_ridge7_raw,0.4,0.4,False
L1-05,1,B_ridge7_raw,0.0,0.0,False
L1-06,1,B_ridge7_raw,0.6,0.6,False
L1-07,1,B_ridge7_raw,0.0,0.0,False
L1-08,1,B_ridge7_raw,0.0,0.0,False
L1-09,1,B_ridge7_raw,0.0,0.0,False
L1-10,1,B_ridge7_raw,0.2,0.2,False
L1-11,1,B_ridge7_raw,0.4,0.4,False
L1-12,1,B_ridge7_raw,0.0,0.0,False
L1-13,1,B_ridge7_raw,0.0,0.0,False
L1-14,1,B_ridge7_raw,0.6,0.6,False
L1-15,1,B_ridge7_raw,0.2,0.2,False
L1-16,1,B_ridge7_raw,0.0,0.0,False
L1-17,1,B_ridge7_raw,0.0,0.0,False
L1-18,1,B_ridge7_raw,0.0,0.0,False
L1-19,1,B_ridge7_raw,0.6,0.6,False
L1-20,1,B_ridge7_raw,0.0,0.0,False
L2-01,2,B_ridge7_raw,0.8,0.8,False
L2-02,2,B_ridge7_raw,1.0,1.0,False
L2-03,2,B_ridge7_raw,0.4,0.4,False
L2-04,2,B_ridge7_raw,1.0,1.0,False
L2-05,2,B_ridge7_raw,0.8,0.8,False
L2-06,2,B_ridge7_raw,0.2,1.0,False
L2-07,2,B_ridge7_raw,0.8,0.8,False
L2-08,2,B_ridge7_raw,1.0,1.0,False
L2-09,2,B_ridge7_raw,1.0,1.0,False
L2-10,2,B_ridge7_raw,0.2,0.5,False
L2-11,2,B_ridge7_raw,0.0,0.0,False
L2-12,2,B_ridge7_raw,1.0,1.0,False
L2-13,2,B_ridge7_raw,0.8,0.8,False
L2-14,2,B_ridge7_raw,0.4,0.4,False
L2-15,2,B_ridge7_raw,0.0,0.0,False
L2-16,2,B_ridge7_raw,0.2,0.3333333333333333,False
L2-17,2,B_ridge7_raw,0.2,0.2,False
L2-18,2,B_ridge7_raw,0.8,0.8,False
L2-19,2,B_ridge7_raw,0.8,0.8,False
L2-20,2,B_ridge7_raw,0.0,0.0,False
L2-21,2,B_ridge7_raw,0.4,0.4,False
L2-22,2,B_ridge7_raw,0.2,0.5,False
L2-23,2,B_ridge7_raw,1.0,1.0,False
L2-24,2,B_ridge7_raw,0.8,0.8,False
L2-25,2,B_ridge7_raw,0.8,0.8,False
L2-26,2,B_ridge7_raw,1.0,1.0,False
L2-27,2,B_ridge7_raw,0.6,0.6,False
L2-28,2,B_ridge7_raw,0.0,0.0,False
L2-29,2,B_ridge7_raw,0.0,0.0,True
L2-30,2,B_ridge7_raw,0.2,1.0,False
L3-01,3,B_ridge7_raw,1.0,1.0,False
L3-02,3,B_ridge7_raw,1.0,0.2,False
L3-03,3,B_ridge7_raw,1.0,1.0,False
L3-04,3,B_ridge7_raw,0.0,0.0,False
L3-05,3,B_ridge7_raw,0.0,0.0,False
L3-06,3,B_ridge7_raw,0.8,0.8,False
L3-07,3,B_ridge7_raw,1.0,0.6666666666666666,False
L3-08,3,B_ridge7_raw,1.0,1.0,False
L3-09,3,B_ridge7_raw,0.2,0.2,False
L3-10,3,B_ridge7_raw,1.0,1.0,False
L3-11,3,B_ridge7_raw,0.0,0.0,False
L3-12,3,B_ridge7_raw,0.2,0.2,False
L3-13,3,B_ridge7_raw,0.0,0.0,False
L3-14,3,B_ridge7_raw,0.0,0.0,False
L3-15,3,B_ridge7_raw,1.0,1.0,False
L3-16,3,B_ridge7_raw,1.0,1.0,False
L3-17,3,B_ridge7_raw,0.0,0.0,False
L3-18,3,B_ridge7_raw,1.0,1.0,False
L3-19,3,B_ridge7_raw,1.0,1.0,False
L3-20,3,B_ridge7_raw,0.2,0.2,False
L3-21,3,B_ridge7_raw,0.0,0.0,False
L3-22,3,B_ridge7_raw,0.2,0.2,False
L3-23,3,B_ridge7_raw,0.0,0.0,False
L3-24,3,B_ridge7_raw,0.2,0.2,False
L3-25,3,B_ridge7_raw,0.6,0.6,False
L3-26,3,B_ridge7_raw,0.8,0.8,False
L3-27,3,B_ridge7_raw,0.0,0.0,False
L3-28,3,B_ridge7_raw,0.0,0.0,False
L3-29,3,B_ridge7_raw,0.2,0.2,False
L3-30,3,B_ridge7_raw,0.0,0.0,False
L4-01,4,B_ridge7_raw,0.0,0.0,True
L4-02,4,B_ridge7_raw,0.0,0.0,True
L4-03,4,B_ridge7_raw,0.8,0.8,False
L4-04,4,B_ridge7_raw,0.6,0.6,False
L4-05,4,B_ridge7_raw,0.0,0.0,True
L4-06,4,B_ridge7_raw,0.0,0.0,True
L4-07,4,B_ridge7_raw,0.2,0.2,False
L4-08,4,B_ridge7_raw,0.0,0.0,False
L4-09,4,B_ridge7_raw,0.0,0.0,True
L4-10,4,B_ridge7_raw,0.0,0.0,True
L4-11,4,B_ridge7_raw,0.0,0.0,True
L4-12,4,B_ridge7_raw,0.0,0.0,True
L4-13,4,B_ridge7_raw,0.0,0.0,True
L4-14,4,B_ridge7_raw,0.0,0.0,True
L4-15,4,B_ridge7_raw,0.0,0.0,True
L4-16,4,B_ridge7_raw,0.0,0.0,True
L4-17,4,B_ridge7_raw,0.0,0.0,True
L4-18,4,B_ridge7_raw,0.0,0.0,True
L4-19,4,B_ridge7_raw,0.0,0.0,True
L4-20,4,B_ridge7_raw,0.0,0.0,True
L1-01,1,C_ridge6_raw,0.2,0.2,False
L1-02,1,C_ridge6_raw,0.0,0.0,False
L1-03,1,C_ridge6_raw,0.0,0.0,False
L1-04,1,C_ridge6_raw,0.6,0.6,False
L1-05,1,C_ridge6_raw,0.0,0.0,False
L1-06,1,C_ridge6_raw,0.6,0.6,False
L1-07,1,C_ridge6_raw,0.0,0.0,False
L1-08,1,C_ridge6_raw,0.2,0.2,False
L1-09,1,C_ridge6_raw,0.0,0.0,False
L1-10,1,C_ridge6_raw,0.2,0.2,False
L1-11,1,C_ridge6_raw,0.6,0.6,False
L1-12,1,C_ridge6_raw,0.0,0.0,False
L1-13,1,C_ridge6_raw,0.0,0.0,False
L1-14,1,C_ridge6_raw,0.8,0.8,False
L1-15,1,C_ridge6_raw,0.2,0.2,False
L1-16,1,C_ridge6_raw,0.0,0.0,False
L1-17,1,C_ridge6_raw,0.0,0.0,False
L1-18,1,C_ridge6_raw,0.0,0.0,False
L1-19,1,C_ridge6_raw,0.8,0.8,False
L1-20,1,C_ridge6_raw,0.0,0.0,False
L2-01,2,C_ridge6_raw,0.8,0.8,False
L2-02,2,C_ridge6_raw,1.0,1.0,False
L2-03,2,C_ridge6_raw,0.6,0.6,False
L2-04,2,C_ridge6_raw,1.0,1.0,False
L2-05,2,C_ridge6_raw,0.8,0.8,False
L2-06,2,C_ridge6_raw,0.2,1.0,False
L2-07,2,C_ridge6_raw,0.8,0.8,False
L2-08,2,C_ridge6_raw,1.0,1.0,False
L2-09,2,C_ridge6_raw,1.0,1.0,False
L2-10,2,C_ridge6_raw,0.2,0.5,False
L2-11,2,C_ridge6_raw,0.0,0.0,False
L2-12,2,C_ridge6_raw,1.0,1.0,False
L2-13,2,C_ridge6_raw,0.8,0.8,False
L2-14,2,C_ridge6_raw,0.4,0.4,False
L2-15,2,C_ridge6_raw,0.0,0.0,False
L2-16,2,C_ridge6_raw,0.2,0.3333333333333333,False
L2-17,2,C_ridge6_raw,0.2,0.2,False
L2-18,2,C_ridge6_raw,0.8,0.8,False
L2-19,2,C_ridge6_raw,0.8,0.8,False
L2-20,2,C_ridge6_raw,0.0,0.0,False
L2-21,2,C_ridge6_raw,0.4,0.4,False
L2-22,2,C_ridge6_raw,0.2,0.5,False
L2-23,2,C_ridge6_raw,1.0,1.0,False
L2-24,2,C_ridge6_raw,0.8,0.8,False
L2-25,2,C_ridge6_raw,0.8,0.8,False
L2-26,2,C_ridge6_raw,1.0,1.0,False
L2-27,2,C_ridge6_raw,0.6,0.6,False
L2-28,2,C_ridge6_raw,0.0,0.0,False
L2-29,2,C_ridge6_raw,0.0,0.0,True
L2-30,2,C_ridge6_raw,0.2,1.0,False
L3-01,3,C_ridge6_raw,1.0,1.0,False
L3-02,3,C_ridge6_raw,1.0,0.2,False
L3-03,3,C_ridge6_raw,1.0,1.0,False
L3-04,3,C_ridge6_raw,0.0,0.0,False
L3-05,3,C_ridge6_raw,0.0,0.0,False
L3-06,3,C_ridge6_raw,0.8,0.8,False
L3-07,3,C_ridge6_raw,1.0,0.6666666666666666,False
L3-08,3,C_ridge6_raw,1.0,1.0,False
L3-09,3,C_ridge6_raw,0.2,0.2,False
L3-10,3,C_ridge6_raw,1.0,1.0,False
L3-11,3,C_ridge6_raw,0.0,0.0,False
L3-12,3,C_ridge6_raw,0.2,0.2,False
L3-13,3,C_ridge6_raw,0.0,0.0,False
L3-14,3,C_ridge6_raw,0.0,0.0,False
L3-15,3,C_ridge6_raw,1.0,1.0,False
L3-16,3,C_ridge6_raw,1.0,1.0,False
L3-17,3,C_ridge6_raw,0.0,0.0,False
L3-18,3,C_ridge6_raw,1.0,1.0,False
L3-19,3,C_ridge6_raw,1.0,1.0,False
L3-20,3,C_ridge6_raw,0.2,0.2,False
L3-21,3,C_ridge6_raw,0.0,0.0,False
L3-22,3,C_ridge6_raw,0.2,0.2,False
L3-23,3,C_ridge6_raw,0.0,0.0,False
L3-24,3,C_ridge6_raw,0.0,0.0,False
L3-25,3,C_ridge6_raw,0.6,0.6,False
L3-26,3,C_ridge6_raw,0.8,0.8,False
L3-27,3,C_ridge6_raw,0.0,0.0,False
L3-28,3,C_ridge6_raw,0.2,0.2,False
L3-29,3,C_ridge6_raw,0.2,0.2,False
L3-30,3,C_ridge6_raw,0.0,0.0,False
L4-01,4,C_ridge6_raw,0.0,0.0,True
L4-02,4,C_ridge6_raw,0.0,0.0,True
L4-03,4,C_ridge6_raw,0.8,0.8,False
L4-04,4,C_ridge6_raw,0.6,0.6,False
L4-05,4,C_ridge6_raw,0.0,0.0,True
L4-06,4,C_ridge6_raw,0.0,0.0,True
L4-07,4,C_ridge6_raw,0.2,0.2,False
L4-08,4,C_ridge6_raw,0.0,0.0,False
L4-09,4,C_ridge6_raw,0.0,0.0,True
L4-10,4,C_ridge6_raw,0.0,0.0,True
L4-11,4,C_ridge6_raw,0.0,0.0,True
L4-12,4,C_ridge6_raw,0.0,0.0,True
L4-13,4,C_ridge6_raw,0.0,0.0,True
L4-14,4,C_ridge6_raw,0.0,0.0,True
L4-15,4,C_ridge6_raw,0.0,0.0,True
L4-16,4,C_ridge6_raw,0.0,0.0,True
L4-17,4,C_ridge6_raw,0.0,0.0,True
L4-18,4,C_ridge6_raw,0.0,0.0,True
L4-19,4,C_ridge6_raw,0.0,0.0,True
L4-20,4,C_ridge6_raw,0.0,0.0,True
L1-01,1,D_ridge6_tf,0.4,0.4,False
L1-02,1,D_ridge6_tf,0.0,0.0,False
L1-03,1,D_ridge6_tf,0.2,0.2,False
L1-04,1,D_ridge6_tf,0.4,0.4,False
L1-05,1,D_ridge6_tf,0.0,0.0,False
L1-06,1,D_ridge6_tf,0.6,0.6,False
L1-07,1,D_ridge6_tf,0.0,0.0,False
L1-08,1,D_ridge6_tf,0.0,0.0,False
L1-09,1,D_ridge6_tf,0.2,0.2,False
L1-10,1,D_ridge6_tf,0.2,0.2,False
L1-11,1,D_ridge6_tf,0.4,0.4,False
L1-12,1,D_ridge6_tf,0.0,0.0,False
L1-13,1,D_ridge6_tf,0.0,0.0,False
L1-14,1,D_ridge6_tf,0.8,0.8,False
L1-15,1,D_ridge6_tf,0.2,0.2,False
L1-16,1,D_ridge6_tf,0.0,0.0,False
L1-17,1,D_ridge6_tf,0.4,0.4,False
L1-18,1,D_ridge6_tf,0.2,0.2,False
L1-19,1,D_ridge6_tf,0.8,0.8,False
L1-20,1,D_ridge6_tf,0.0,0.0,False
L2-01,2,D_ridge6_tf,0.8,0.8,False
L2-02,2,D_ridge6_tf,1.0,1.0,False
L2-03,2,D_ridge6_tf,0.6,0.6,False
L2-04,2,D_ridge6_tf,1.0,1.0,False
L2-05,2,D_ridge6_tf,0.8,0.8,False
L2-06,2,D_ridge6_tf,0.2,1.0,False
L2-07,2,D_ridge6_tf,0.8,0.8,False
L2-08,2,D_ridge6_tf,1.0,1.0,False
L2-09,2,D_ridge6_tf,1.0,1.0,False
L2-10,2,D_ridge6_tf,0.2,0.5,False
L2-11,2,D_ridge6_tf,0.0,0.0,False
L2-12,2,D_ridge6_tf,1.0,1.0,False
L2-13,2,D_ridge6_tf,0.8,0.8,False
L2-14,2,D_ridge6_tf,0.4,0.4,False
L2-15,2,D_ridge6_tf,0.0,0.0,False
L2-16,2,D_ridge6_tf,0.2,0.3333333333333333,False
L2-17,2,D_ridge6_tf,0.4,0.4,False
L2-18,2,D_ridge6_tf,0.8,0.8,False
L2-19,2,D_ridge6_tf,0.8,0.8,False
L2-20,2,D_ridge6_tf,0.0,0.0,False
L2-21,2,D_ridge6_tf,0.6,0.6,False
L2-22,2,D_ridge6_tf,0.2,0.5,False
L2-23,2,D_ridge6_tf,1.0,1.0,False
L2-24,2,D_ridge6_tf,0.8,0.8,False
L2-25,2,D_ridge6_tf,0.8,0.8,False
L2-26,2,D_ridge6_tf,1.0,1.0,False
L2-27,2,D_ridge6_tf,0.6,0.6,False
L2-28,2,D_ridge6_tf,0.0,0.0,False
L2-29,2,D_ridge6_tf,0.0,0.0,True
L2-30,2,D_ridge6_tf,0.2,1.0,False
L3-01,3,D_ridge6_tf,1.0,1.0,False
L3-02,3,D_ridge6_tf,1.0,0.2,False
L3-03,3,D_ridge6_tf,1.0,1.0,False
L3-04,3,D_ridge6_tf,0.0,0.0,False
L3-05,3,D_ridge6_tf,0.0,0.0,False
L3-06,3,D_ridge6_tf,0.8,0.8,False
L3-07,3,D_ridge6_tf,1.0,0.6666666666666666,False
L3-08,3,D_ridge6_tf,1.0,1.0,False
L3-09,3,D_ridge6_tf,0.2,0.2,False
L3-10,3,D_ridge6_tf,1.0,1.0,False
L3-11,3,D_ridge6_tf,0.0,0.0,False
L3-12,3,D_ridge6_tf,0.2,0.2,False
L3-13,3,D_ridge6_tf,0.0,0.0,False
L3-14,3,D_ridge6_tf,0.0,0.0,False
L3-15,3,D_ridge6_tf,1.0,1.0,False
L3-16,3,D_ridge6_tf,1.0,1.0,False
L3-17,3,D_ridge6_tf,0.0,0.0,False
L3-18,3,D_ridge6_tf,1.0,1.0,False
L3-19,3,D_ridge6_tf,1.0,1.0,False
L3-20,3,D_ridge6_tf,0.2,0.2,False
L3-21,3,D_ridge6_tf,0.0,0.0,False
L3-22,3,D_ridge6_tf,0.2,0.2,False
L3-23,3,D_ridge6_tf,0.0,0.0,False
L3-24,3,D_ridge6_tf,0.2,0.2,False
L3-25,3,D_ridge6_tf,0.6,0.6,False
L3-26,3,D_ridge6_tf,0.8,0.8,False
L3-27,3,D_ridge6_tf,0.0,0.0,False
L3-28,3,D_ridge6_tf,0.2,0.2,False
L3-29,3,D_ridge6_tf,0.4,0.4,False
L3-30,3,D_ridge6_tf,0.0,0.0,False
L4-01,4,D_ridge6_tf,0.0,0.0,True
L4-02,4,D_ridge6_tf,0.0,0.0,True
L4-03,4,D_ridge6_tf,0.8,0.8,False
L4-04,4,D_ridge6_tf,0.6,0.6,False
L4-05,4,D_ridge6_tf,0.0,0.0,True
L4-06,4,D_ridge6_tf,0.0,0.0,True
L4-07,4,D_ridge6_tf,0.0,0.0,False
L4-08,4,D_ridge6_tf,0.0,0.0,False
L4-09,4,D_ridge6_tf,0.0,0.0,True
L4-10,4,D_ridge6_tf,0.0,0.0,True
L4-11,4,D_ridge6_tf,0.0,0.0,True
L4-12,4,D_ridge6_tf,0.0,0.0,True
L4-13,4,D_ridge6_tf,0.0,0.0,True
L4-14,4,D_ridge6_tf,0.0,0.0,True
L4-15,4,D_ridge6_tf,0.0,0.0,True
L4-16,4,D_ridge6_tf,0.0,0.0,True
L4-17,4,D_ridge6_tf,0.0,0.0,True
L4-18,4,D_ridge6_tf,0.0,0.0,True
L4-19,4,D_ridge6_tf,0.0,0.0,True
L4-20,4,D_ridge6_tf,0.0,0.0,True
L1-01,1,D60_ridge6_tf,0.4,0.4,False
L1-02,1,D60_ridge6_tf,0.0,0.0,False
L1-03,1,D60_ridge6_tf,0.0,0.0,False
L1-04,1,D60_ridge6_tf,0.4,0.4,False
L1-05,1,D60_ridge6_tf,0.0,0.0,False
L1-06,1,D60_ridge6_tf,0.6,0.6,False
L1-07,1,D60_ridge6_tf,0.0,0.0,False
L1-08,1,D60_ridge6_tf,0.0,0.0,False
L1-09,1,D60_ridge6_tf,0.2,0.2,False
L1-10,1,D60_ridge6_tf,0.2,0.2,False
L1-11,1,D60_ridge6_tf,0.4,0.4,False
L1-12,1,D60_ridge6_tf,0.0,0.0,False
L1-13,1,D60_ridge6_tf,0.0,0.0,False
L1-14,1,D60_ridge6_tf,0.8,0.8,False
L1-15,1,D60_ridge6_tf,0.2,0.2,False
L1-16,1,D60_ridge6_tf,0.0,0.0,False
L1-17,1,D60_ridge6_tf,0.4,0.4,False
L1-18,1,D60_ridge6_tf,0.2,0.2,False
L1-19,1,D60_ridge6_tf,0.8,0.8,False
L1-20,1,D60_ridge6_tf,0.0,0.0,False
L2-01,2,D60_ridge6_tf,0.8,0.8,False
L2-02,2,D60_ridge6_tf,1.0,1.0,False
L2-03,2,D60_ridge6_tf,0.6,0.6,False
L2-04,2,D60_ridge6_tf,1.0,1.0,False
L2-05,2,D60_ridge6_tf,0.8,0.8,False
L2-06,2,D60_ridge6_tf,0.2,1.0,False
L2-07,2,D60_ridge6_tf,0.8,0.8,False
L2-08,2,D60_ridge6_tf,1.0,1.0,False
L2-09,2,D60_ridge6_tf,1.0,1.0,False
L2-10,2,D60_ridge6_tf,0.2,0.5,False
L2-11,2,D60_ridge6_tf,0.0,0.0,False
L2-12,2,D60_ridge6_tf,1.0,1.0,False
L2-13,2,D60_ridge6_tf,0.8,0.8,False
L2-14,2,D60_ridge6_tf,0.4,0.4,False
L2-15,2,D60_ridge6_tf,0.0,0.0,False
L2-16,2,D60_ridge6_tf,0.2,0.3333333333333333,False
L2-17,2,D60_ridge6_tf,0.4,0.4,False
L2-18,2,D60_ridge6_tf,0.8,0.8,False
L2-19,2,D60_ridge6_tf,0.8,0.8,False
L2-20,2,D60_ridge6_tf,0.0,0.0,False
L2-21,2,D60_ridge6_tf,0.6,0.6,False
L2-22,2,D60_ridge6_tf,0.2,0.5,False
L2-23,2,D60_ridge6_tf,1.0,1.0,False
L2-24,2,D60_ridge6_tf,0.8,0.8,False
L2-25,2,D60_ridge6_tf,0.8,0.8,False
L2-26,2,D60_ridge6_tf,1.0,1.0,False
L2-27,2,D60_ridge6_tf,0.6,0.6,False
L2-28,2,D60_ridge6_tf,0.0,0.0,False
L2-29,2,D60_ridge6_tf,0.0,0.0,True
L2-30,2,D60_ridge6_tf,0.2,1.0,False
L3-01,3,D60_ridge6_tf,1.0,1.0,False
L3-02,3,D60_ridge6_tf,1.0,0.2,False
L3-03,3,D60_ridge6_tf,1.0,1.0,False
L3-04,3,D60_ridge6_tf,0.0,0.0,False
L3-05,3,D60_ridge6_tf,0.0,0.0,False
L3-06,3,D60_ridge6_tf,0.8,0.8,False
L3-07,3,D60_ridge6_tf,1.0,0.6666666666666666,False
L3-08,3,D60_ridge6_tf,1.0,1.0,False
L3-09,3,D60_ridge6_tf,0.2,0.2,False
L3-10,3,D60_ridge6_tf,1.0,1.0,False
L3-11,3,D60_ridge6_tf,0.0,0.0,False
L3-12,3,D60_ridge6_tf,0.2,0.2,False
L3-13,3,D60_ridge6_tf,0.0,0.0,False
L3-14,3,D60_ridge6_tf,0.0,0.0,False
L3-15,3,D60_ridge6_tf,1.0,1.0,False
L3-16,3,D60_ridge6_tf,1.0,1.0,False
L3-17,3,D60_ridge6_tf,0.0,0.0,False
L3-18,3,D60_ridge6_tf,1.0,1.0,False
L3-19,3,D60_ridge6_tf,1.0,1.0,False
L3-20,3,D60_ridge6_tf,0.2,0.2,False
L3-21,3,D60_ridge6_tf,0.0,0.0,False
L3-22,3,D60_ridge6_tf,0.2,0.2,False
L3-23,3,D60_ridge6_tf,0.0,0.0,False
L3-24,3,D60_ridge6_tf,0.2,0.2,False
L3-25,3,D60_ridge6_tf,0.6,0.6,False
L3-26,3,D60_ridge6_tf,0.8,0.8,False
L3-27,3,D60_ridge6_tf,0.0,0.0,False
L3-28,3,D60_ridge6_tf,0.2,0.2,False
L3-29,3,D60_ridge6_tf,0.4,0.4,False
L3-30,3,D60_ridge6_tf,0.0,0.0,False
L4-01,4,D60_ridge6_tf,0.0,0.0,True
L4-02,4,D60_ridge6_tf,0.0,0.0,True
L4-03,4,D60_ridge6_tf,0.8,0.8,False
L4-04,4,D60_ridge6_tf,0.6,0.6,False
L4-05,4,D60_ridge6_tf,0.0,0.0,True
L4-06,4,D60_ridge6_tf,0.0,0.0,True
L4-07,4,D60_ridge6_tf,0.0,0.0,False
L4-08,4,D60_ridge6_tf,0.0,0.0,False
L4-09,4,D60_ridge6_tf,0.0,0.0,True
L4-10,4,D60_ridge6_tf,0.0,0.0,True
L4-11,4,D60_ridge6_tf,0.0,0.0,True
L4-12,4,D60_ridge6_tf,0.0,0.0,True
L4-13,4,D60_ridge6_tf,0.0,0.0,True
L4-14,4,D60_ridge6_tf,0.0,0.0,True
L4-15,4,D60_ridge6_tf,0.0,0.0,True
L4-16,4,D60_ridge6_tf,0.0,0.0,True
L4-17,4,D60_ridge6_tf,0.0,0.0,True
L4-18,4,D60_ridge6_tf,0.0,0.0,True
L4-19,4,D60_ridge6_tf,0.0,0.0,True
L4-20,4,D60_ridge6_tf,0.0,0.0,True
