plan_id,plan_name,billing_monthly_fee,payback_included_fee,monthly_fee,discounted_fee,discount_type,discount_period_months,payback_schedule,verified_on,source_url
36334,너겟49,49000,7000,49000,49000,페이백,,34000x6 | 8000x12,2026-09-18,https://www.moyoplan.com/plans/36334
26613,[모요only] [모요핫딜] 쉐이크 LTE 100GB+Npay 매월 5천원,16400,11400,42300,16400,모요 프로모션 할인 페이백,7,5000x?,2026-09-18,https://www.moyoplan.com/plans/26613
6804,슬림 유심 500MB 50분,1700,0,1700,1700,페이백,,2000x6,2026-09-18,https://www.moyoplan.com/plans/6804
37103,[모요only] [K] 핀다이렉트Z 100GB+(네이버페이) _모요핫딜,16300,11300,42000,16300,모요 프로모션 할인 페이백,7,5000x?,2026-09-18,https://www.moyoplan.com/plans/37103
23450,통화 충분 15GB,16900,0,16900,16900,페이백,,17000x6,2026-09-18,https://www.moyoplan.com/plans/23450
29062,데일리 너겟59,59000,19000,59000,59000,페이백,,25000x12 | 15000x6,2026-09-18,https://www.moyoplan.com/plans/29062
6830,DATA 걱정없는 유심 7GB,15900,0,15900,15900,페이백,,16000x7,2026-09-18,https://www.moyoplan.com/plans/6830
6801,슬림 유심 1GB 100분,2700,0,2700,2700,페이백,,3000x6,2026-09-18,https://www.moyoplan.com/plans/6801
30954,[모요only] [K] 핀다이렉트Z 100GB+(네이버페이) _PIN,16300,11300,42000,16300,모요 프로모션 할인 페이백,7,5000x?,2026-09-18,https://www.moyoplan.com/plans/30954
36647,DATA 걱정없는 유심 100GB,38200,13200,38200,38200,페이백,,25000x7,2026-09-18,https://www.moyoplan.com/plans/36647
37442,[모요only] [S] 핀다이렉트Z Max(네이버페이) _PAY,37000,7000,42900,37000,모요 프로모션 할인 페이백,7,30000x7,2026-09-18,https://www.moyoplan.com/plans/37442
6803,슬림 유심 2GB 200분,3700,0,3700,3700,페이백,,4000x6,2026-09-18,https://www.moyoplan.com/plans/6803
6836,The 착한 데이터 유심 11GB,32990,7990,32990,32990,페이백,,25000x7,2026-09-18,https://www.moyoplan.com/plans/6836
37403,[모요only] [K] 핀다이렉트Z 100GB+(네이버페이) _PAY,41900,6900,41900,41900,페이백,,35000x7,2026-09-18,https://www.moyoplan.com/plans/37403
6790,보편 안심 유심 15GB 100분,28820,3820,28820,28820,페이백,,25000x7,2026-09-18,https://www.moyoplan.com/plans/6790
27840,[모요only] 고고딜 무제한 11GB+3M(Npay 5000P)_12개월,23000,18000,39600,23000,모요 프로모션 할인 페이백,12,5000x?,2026-09-18,https://www.moyoplan.com/plans/27840
37123,[모요핫딜]5G 음성기본 150GB+5Mbps,18500,13500,60500,18500,모요 프로모션 할인 페이백,7,5000x7,2026-09-18,https://www.moyoplan.com/plans/37123
18885,DATA 걱정없는 유심 15GB,20950,4950,20950,20950,페이백,,16000x7,2026-09-18,https://www.moyoplan.com/plans/18885
27842,[모요only] [모요핫딜]무제한 100GB+5M(Npay 5000P),19000,14000,44000,19000,모요 프로모션 할인 페이백,7,5000x?,2026-09-18,https://www.moyoplan.com/plans/27842
37109,[Npay 12만 기본제공] 17GB+/통화기본,19900,14900,19900,19900,페이백,,5000x24,2026-09-18,https://www.moyoplan.com/plans/37109
27680,[모요핫딜] 희망더하기 11GB,16500,11500,39600,16500,모요 프로모션 할인 페이백,7,5000x7,2026-09-18,https://www.moyoplan.com/plans/27680
27837,[모요only] 고고딜 무제한 7GB+1M(Npay 5000P)_12개월,12000,7000,24200,12000,모요 프로모션 할인 페이백,12,5000x?,2026-09-18,https://www.moyoplan.com/plans/27837
32578,"[모요only] 쉐이크 5G 110GB+_네이버페이 매 월 5,000원",16000,11000,45600,16000,모요 프로모션 할인 페이백,7,5000x?,2026-09-18,https://www.moyoplan.com/plans/32578
32400,쿠폰팩 유심 7GB,18330,0,18330,18330,페이백,,5000x24 | 14000x7,2026-09-18,https://www.moyoplan.com/plans/32400
10364,DATA 걱정없는 유심 일5GB,38990,13990,38990,38990,페이백,,25000x7,2026-09-18,https://www.moyoplan.com/plans/10364
12438,5G 유심 6GB 200분,7900,2900,7900,7900,페이백,,5000x6,2026-09-18,https://www.moyoplan.com/plans/12438
23093,보편 안심 유심 15GB 300분,31900,6900,31900,31900,페이백,,25000x7,2026-09-18,https://www.moyoplan.com/plans/23093
37118,[모요only] 고고딜 무제한 100GB+5M(Npay 5000P)_12개월,25000,20000,48400,25000,모요 프로모션 할인 페이백,12,5000x?,2026-09-18,https://www.moyoplan.com/plans/37118
11964,The 착한 데이터 유심 9GB 3000분,16900,900,16900,16900,페이백,,16000x7,2026-09-18,https://www.moyoplan.com/plans/11964
32402,쿠폰팩 유심 15GB,23350,350,23350,23350,페이백,,18000x7 | 5000x24,2026-09-18,https://www.moyoplan.com/plans/32402
11197,보편 안심 유심 1GB 100분,7900,2900,7900,7900,페이백,,5000x6,2026-09-18,https://www.moyoplan.com/plans/11197
6789,보편 안심 유심 10GB 200분,18900,2900,18900,18900,페이백,,16000x7,2026-09-18,https://www.moyoplan.com/plans/6789
32403,쿠폰팩 유심 11GB,35730,2730,35730,35730,페이백,,28000x7 | 5000x24,2026-09-18,https://www.moyoplan.com/plans/32403
23092,보편 안심 유심 15GB 180분,30800,5800,30800,30800,페이백,,25000x7,2026-09-18,https://www.moyoplan.com/plans/23092
18704,5G 유심 중간요금제 80GB,42680,17680,42680,42680,페이백,,25000x7,2026-09-18,https://www.moyoplan.com/plans/18704
32399,쿠폰팩 유심 일5GB,41390,11390,41390,41390,페이백,,25000x7 | 5000x24,2026-09-18,https://www.moyoplan.com/plans/32399
10390,5G 유심 통화 맘편히 3GB,7990,2990,7990,7990,페이백,,5000x6,2026-09-18,https://www.moyoplan.com/plans/10390
37104,5G 음성기본 맥스150GB+,64900,59900,64900,64900,페이백,,5000x7,2026-09-18,https://www.moyoplan.com/plans/37104
15001,프레딧 유심 1.5GB 150분,5900,900,5900,5900,페이백,,5000x6,2026-09-18,https://www.moyoplan.com/plans/15001
32401,쿠폰팩 유심 10GB,21300,300,21300,21300,페이백,,5000x24 | 16000x7,2026-09-18,https://www.moyoplan.com/plans/32401
32404,쿠폰팩 유심 15GB 100분,31220,220,31220,31220,페이백,,26000x7 | 5000x24,2026-09-18,https://www.moyoplan.com/plans/32404
6835,The 착한 데이터 유심 1.3GB,6300,1300,6300,6300,페이백,,5000x6,2026-09-18,https://www.moyoplan.com/plans/6835
18705,5G 유심 중간요금제 95GB,44000,19000,44000,44000,페이백,,25000x7,2026-09-18,https://www.moyoplan.com/plans/18705
30953,[모요only] [K] 핀다이렉트Z 11GB+(네이버페이) _PIN,16000,11000,39000,16000,모요 프로모션 할인 페이백,7,5000x?,2026-09-18,https://www.moyoplan.com/plans/30953
14987,CU 유심 1.5GB 150분,5900,900,5900,5900,페이백,,5000x6,2026-09-18,https://www.moyoplan.com/plans/14987
11741,[모요only] 모두이야기해 6GB+,5000,0,12100,5000,모요 프로모션 할인 페이백,6,5000x6,2026-09-18,https://www.moyoplan.com/plans/11741
27772,[모요only] 무제한 100GB+5M(매월 네이버페이5000P),21000,16000,47300,21000,모요 프로모션 할인 페이백,7,5000x?,2026-09-18,https://www.moyoplan.com/plans/27772
37110,[Npay 12만 기본제공] 71GB+/통화기본,35390,30390,35390,35390,페이백,,5000x24,2026-09-18,https://www.moyoplan.com/plans/37110
24432,완전마음껏 100GB＋＋(네이버페이 매월 5000P),19900,9900,50000,19900,모요 프로모션 할인 페이백,7,5000x? | 5000x7,2026-09-18,https://www.moyoplan.com/plans/24432
10394,5G 스탠다드 유심 150GB,49900,24900,49900,49900,페이백,,25000x7,2026-09-18,https://www.moyoplan.com/plans/10394
34698,"[모요only] 쉐이크 LTE 15GB+_네이버페이 매 월 5,000원",19000,14000,24700,19000,모요 프로모션 할인 페이백,12,5000x?,2026-09-18,https://www.moyoplan.com/plans/34698
18702,5G 유심 중간요금제 31GB,39600,14600,39600,39600,페이백,,25000x7,2026-09-18,https://www.moyoplan.com/plans/18702
27771,[모요only] 무제한 11GB+3M(매월 네이버페이5000P),19000,14000,40700,19000,모요 프로모션 할인 페이백,7,5000x?,2026-09-18,https://www.moyoplan.com/plans/27771
36266,[혜택형] 5G 유심 중간요금제 125GB,43000,28000,43000,43000,페이백,,15000x24,2026-09-18,https://www.moyoplan.com/plans/36266
10365,슬림 안심 유심 1GB 100분,8800,3800,8800,8800,페이백,,5000x6,2026-09-18,https://www.moyoplan.com/plans/10365
30955,[모요only] [K] 핀다이렉트Z 7GB+(네이버페이) _PIN,12000,7000,21400,12000,모요 프로모션 할인 페이백,7,5000x?,2026-09-18,https://www.moyoplan.com/plans/30955
37113,[Npay 12만 기본제공] 5G 150GB+/통화기본,49700,44700,49700,49700,페이백,,5000x24,2026-09-18,https://www.moyoplan.com/plans/37113
10388,5G 스페셜 유심 180GB,55000,30000,55000,55000,페이백,,25000x7,2026-09-18,https://www.moyoplan.com/plans/10388
11200,DATA 걱정없는 유심 1GB,7500,2500,7500,7500,페이백,,5000x6,2026-09-18,https://www.moyoplan.com/plans/11200
10385,보편 유심 5GB 200분,9900,4900,9900,9900,페이백,,5000x6,2026-09-18,https://www.moyoplan.com/plans/10385
29287,이야기 완전 FREE 7GB,5700,3700,24200,5700,모요 프로모션 할인 페이백,7,2000x7,2026-09-18,https://www.moyoplan.com/plans/29287
11420,보편 유심 3.5GB 150분,8500,3500,8500,8500,페이백,,5000x6,2026-09-18,https://www.moyoplan.com/plans/11420
27770,[모요only] 무제한 7GB+1M(매월 네이버페이5000P),9900,4900,24200,9900,모요 프로모션 할인 페이백,7,5000x?,2026-09-18,https://www.moyoplan.com/plans/27770
37117,[Npay 12만 기본제공] 5G 95GB+/통화기본,43300,38300,43300,43300,페이백,,5000x24,2026-09-18,https://www.moyoplan.com/plans/37117
23094,5G 라이트 유심 14GB,36300,11300,36300,36300,페이백,,25000x7,2026-09-18,https://www.moyoplan.com/plans/23094
26611,"[모요only] 쉐이크 LTE 7GB+_네이버페이 매 월 5,000원",15000,10000,20300,15000,모요 프로모션 할인 페이백,12,5000x?,2026-09-18,https://www.moyoplan.com/plans/26611
10392,5G 유심 통화 맘편히 9GB,14500,9500,14500,14500,페이백,,5000x6,2026-09-18,https://www.moyoplan.com/plans/10392
36267,[혜택형] 5G 스탠다드 유심 150GB,49900,34900,49900,49900,페이백,,15000x24,2026-09-18,https://www.moyoplan.com/plans/36267
36265,[혜택형] 5G 유심 중간요금제 95GB,44000,29000,44000,44000,페이백,,15000x24,2026-09-18,https://www.moyoplan.com/plans/36265
11198,슬림 안심 유심 2.5GB 200분,10500,5500,10500,10500,페이백,,5000x6,2026-09-18,https://www.moyoplan.com/plans/11198
11201,보편 안심 유심 5GB 100분,13500,8500,13500,13500,페이백,,5000x6,2026-09-18,https://www.moyoplan.com/plans/11201
24431,완전마음껏 7GB＋＋(네이버페이 매월 5000P),12900,7900,22500,12900,모요 프로모션 할인 페이백,7,5000x?,2026-09-18,https://www.moyoplan.com/plans/24431
10391,5G 유심 통화 맘편히 6GB,11950,6950,11950,11950,페이백,,5000x6,2026-09-18,https://www.moyoplan.com/plans/10391
23741,완전마음껏 11GB＋＋(네이버페이 매월 5000P),21900,16900,35900,21900,모요 프로모션 할인 페이백,7,5000x?,2026-09-18,https://www.moyoplan.com/plans/23741
6793,보편 안심 유심 5GB 200분,13900,8900,13900,13900,페이백,,5000x6,2026-09-18,https://www.moyoplan.com/plans/6793
6828,DATA 걱정없는 유심 4.5GB,14500,9500,14500,14500,페이백,,5000x6,2026-09-18,https://www.moyoplan.com/plans/6828
11203,DATA 걱정없는 유심 5GB,15400,10400,15400,15400,페이백,,5000x6,2026-09-18,https://www.moyoplan.com/plans/11203
11419,보편 안심 유심 3GB 200분,12500,7500,12500,12500,페이백,,5000x6,2026-09-18,https://www.moyoplan.com/plans/11419
11202,보편 안심 유심 6GB 200분,15200,10200,15200,15200,페이백,,5000x6,2026-09-18,https://www.moyoplan.com/plans/11202
11199,슬림 안심 유심 2.5GB 250분,13200,8200,13200,13200,페이백,,5000x6,2026-09-18,https://www.moyoplan.com/plans/11199
24433,데이터마음껏 15GB＋＋(300분)(네이버페이 매월 5000P),21900,16900,34600,21900,모요 프로모션 할인 페이백,7,5000x?,2026-09-18,https://www.moyoplan.com/plans/24433
